Type,Name,Request Count,Failure Count,Median Response Time,Average Response Time,Min Response Time,Max Response Time,Average Content Size,Requests/s,Failures/s,50%,66%,75%,80%,90%,95%,98%,99%,99.9%,99.99%,100%
GET,/,800,0,830.0,1515.3435170599973,209.65358200010087,7270.457445999909,76905.0,6.65175325808459,0.0,830,1300,1700,1900,4200,6200,6700,7000,7300,7300,7300
GET,/post-detail,2458,0,870.0,1565.3804655032523,206.1519799999587,7159.5685560000675,86440.77786818551,20.437511885464904,0.0,870,1400,1700,1900,4300,6100,6600,6800,7100,7200,7200
,Aggregated,3258,0,860.0,1553.0939219935494,206.1519799999587,7270.457445999909,84099.27317372621,27.089265143549497,0.0,860,1400,1700,1900,4200,6100,6700,6800,7200,7300,7300
